{
    "accuracy": 0.4736893803322856,
    "loss": 1.440682624587576
}