{
    "accuracy": 0.2557392231701841,
    "loss": 2.668970048882579
}