{
    "accuracy": 0.8237960260440053,
    "loss": 0.9448979779622937
}