{
    "accuracy": 0.8645833333333334,
    "loss": 0.47095576700740965
}