{
    "accuracy": 0.8719549842837898,
    "loss": 0.6684166079827847
}