{
    "accuracy": 0.4643777870680044,
    "loss": 1.4945489461871162
}