{
    "accuracy": 0.8734148550724637,
    "loss": 0.6614568519905426
}