{
    "accuracy": 0.8082622361921867,
    "loss": 0.6585487659650905
}