{
    "accuracy": 0.8314296138302648,
    "loss": 0.5547043068604615
}