{
    "accuracy": 0.8616973506960035,
    "loss": 0.4655710401880832
}