{
    "accuracy": 0.8620923913043478,
    "loss": 0.44764409805445565
}