{
    "accuracy": 0.8514397171082173,
    "loss": 0.4970354417353186
}