{
    "accuracy": 0.4153569824876515,
    "loss": 2.9562561803191674
}