{
    "accuracy": 0.9285639632107022,
    "loss": 0.2934540941555431
}