{
    "accuracy": 0.9230046026044005,
    "loss": 0.2911398556680625
}