{
    "accuracy": 0.8879097440502919,
    "loss": 0.47885867558021583
}