{
    "accuracy": 0.8548355410866637,
    "loss": 0.5308061137454201
}