{
    "accuracy": 0.6604737314773238,
    "loss": 1.6467013609318333
}