{
    "accuracy": 0.24097721149528512,
    "loss": 1.9532209698480505
}