{
    "accuracy": 0.2710905927256399,
    "loss": 1.9159969628312206
}