{
    "accuracy": 0.8671962095875139,
    "loss": 0.48065990268968156
}