{
    "accuracy": 0.8698641670408621,
    "loss": 0.5079090938199567
}