{
    "accuracy": 0.86813819039066,
    "loss": 0.5247545105810384
}