{
    "accuracy": 0.8724045429208472,
    "loss": 0.487794484079316
}