{
    "accuracy": 0.6914571171980243,
    "loss": 0.9042107326383809
}