{
    "accuracy": 0.6366187696452628,
    "loss": 1.0638682091509113
}