{
    "accuracy": 0.6246864548494984,
    "loss": 1.0921814916790396
}