{
    "accuracy": 0.7224685675797036,
    "loss": 1.0287560524831292
}