{
    "accuracy": 0.5760271665918276,
    "loss": 1.3850792168660928
}