{
    "accuracy": 0.6938145487202515,
    "loss": 1.3123434008532808
}