{
    "accuracy": 0.6828839186176143,
    "loss": 0.9076173897238745
}