{
    "accuracy": 0.6294903457566233,
    "loss": 1.075318157672882
}
