{
    "accuracy": 0.7081980519480519,
    "loss": 0.9036789740834917
}