{
    "accuracy": 0.6790780141843972,
    "loss": 1.1275835392322946
}