{
    "accuracy": 0.7333776595744681,
    "loss": 0.8183588778718989
}