{
    "accuracy": 0.28018354288280195,
    "loss": 2.2288837651260027
}