{
    "accuracy": 0.9344549842837898,
    "loss": 0.2654853159746596
}