{
    "accuracy": 0.9272052675585284,
    "loss": 0.2907374076869177
}