{
    "accuracy": 0.8614588010776829,
    "loss": 0.5327770248737954
}