{
    "accuracy": 0.6995116748989672,
    "loss": 2.1206187851556386
}