{
    "accuracy": 0.9256286484059272,
    "loss": 0.2747837126766907
}