{
    "accuracy": 0.6442523574315223,
    "loss": 1.045380410802273
}
