{
    "accuracy": 0.6525735294117647,
    "loss": 0.996830498444215
}