{
    "accuracy": 0.6442523574315223,
    "loss": 1.0453804108022733
}