{
    "accuracy": 0.43289739559946117,
    "loss": 1.7017413286762384
}