{
    "accuracy": 0.6704366861248316,
    "loss": 0.9553097923293369
}
