{
    "accuracy": 0.8850857023411371,
    "loss": 0.45751386443557945
}