{
    "accuracy": 0.8851032779524023,
    "loss": 0.44015863466695065
}