{
    "accuracy": 0.578202177817692,
    "loss": 1.1942341860014063
}