{
    "accuracy": 0.5753395823978447,
    "loss": 1.2025813392100444
}