{
    "accuracy": 0.5353474405029187,
    "loss": 1.3537248714279582
}